slug,city,state_code,state,region,index,layout_variant,content_angle,documentation_focus,seo_title,meta_description,h1,disclaimer,local_research_anchor,local_intro,why_this_city_has_guide,regional_research_context,supplier_transparency_paragraph,documentation_checklist,local_logistics_note,faq_1_question,faq_1_answer,faq_2_question,faq_2_answer,faq_3_question,faq_3_answer,related_city_1,related_slug_1,related_city_2,related_slug_2,related_city_3,related_slug_3,canonical_url,source_page_for_city_list,local_context_source_url,codex_insert_notes
fresno-ca,Fresno,CA,California,West Coast,True,layout_A_overview_first,supplier transparency comparison,research-use labeling consistency,Fresno Research Peptide Supplier Transparency Guide,"Educational Fresno, CA guide to research peptide supplier transparency, COA access, batch documentation, and local California research context.",Fresno Research Peptide Supplier Transparency Guide,"This page is for educational and informational purposes only. PeptideSuppliers.org does not sell peptides, provide medical advice, or recommend human use.",Central Valley health-care and agricultural bioscience context,"Fresno sits inside the West Coast research conversation, so this guide should open with Central Valley health-care and agricultural bioscience context and connect that context to supplier documentation standards.","This guide should help Fresno readers compare evidence quality: COAs, batch notes, policy language, and research-use consistency.","Mention Central Valley health-care and agricultural bioscience context as the specific local anchor. Avoid claims about outcomes; keep the section about documentation, research coverage, and policy clarity.","Use a checklist format for Fresno: COA access, batch identifiers, testing date visibility, third-party lab details, and fulfillment language.",research-use labeling consistency; COA availability; batch testing; research-use labeling; third-party testing; policy clarity,"For Fresno, use shipping as a trust signal: carrier notes, dispatch windows, and clear contact paths.",What makes this Fresno guide different from a generic supplier page?,"It uses Central Valley health-care and agricultural bioscience context and California regional context to frame supplier transparency, documentation quality, and research-use labeling rather than repeating a generic city-name template.",What should Fresno readers check first on supplier profiles?,"Start with research-use labeling consistency: Emphasize whether research-use language is consistent across directory, profile, FAQ, and policy pages. Then review COA access, batch identifiers, lab report dates, and policy consistency.",Does this Fresno page recommend peptides or human use?,"No. The page is an educational reference about research supplier transparency, laboratory documentation, and industry context. It should not provide medical advice or human-use guidance.","Irvine, CA",irvine-ca,"Long Beach, CA",long-beach-ca,"Los Angeles, CA",los-angeles-ca,https://peptidesuppliers.org/locations/fresno-ca/,https://peptidesuppliers.org/locations/,"https://en.wikipedia.org/wiki/Fresno,_California",Use these fields as explicit copy blocks. Preserve disclaimer. Do not add buy/order/shop/dosage/cycle/inject/weight-loss/fat-loss/anti-aging/muscle-growth/healing/treatment/cure claims.
long-beach-ca,Long Beach,CA,California,West Coast,True,layout_C_checklist_first,research documentation literacy,supplier policy clarity,Long Beach Research Peptide Supplier Transparency Guide,"Educational Long Beach, CA guide to research peptide supplier transparency, COA access, batch documentation, and local California research context.",Long Beach Research Peptide Supplier Transparency Guide,"This page is for educational and informational purposes only. PeptideSuppliers.org does not sell peptides, provide medical advice, or recommend human use.",Los Angeles County logistics and health-science networks,This page should treat Long Beach as more than a swapped city name by grounding the guide in Los Angeles County logistics and health-science networks and the broader California research environment.,A dedicated Long Beach page is useful when it connects Los Angeles County logistics and health-science networks with practical transparency checks rather than repeating a generic national supplier overview.,"Research angle: Los Angeles County logistics and health-science networks. Explain how regional readers can use that context to evaluate supplier transparency, documentation accessibility, and non-promotional research references.","For Long Beach-area readers, the strongest supplier comparison angle is documentation clarity: visible testing reports, clear batch language, and policies that do not rely on vague trust claims.",supplier policy clarity; COA availability; batch testing; research-use labeling; third-party testing; policy clarity,Add a neutral shipping note for Long Beach: clear handling language matters more than fast-delivery claims.,What makes this Long Beach guide different from a generic supplier page?,"It uses Los Angeles County logistics and health-science networks and California regional context to frame supplier transparency, documentation quality, and research-use labeling rather than repeating a generic city-name template.",What should Long Beach readers check first on supplier profiles?,"Start with supplier policy clarity: Emphasize refund, replacement, contact, documentation-request, and compliance language on supplier pages. Then review COA access, batch identifiers, lab report dates, and policy consistency.",Does this Long Beach page recommend peptides or human use?,"No. The page is an educational reference about research supplier transparency, laboratory documentation, and industry context. It should not provide medical advice or human-use guidance.","Fresno, CA",fresno-ca,"Irvine, CA",irvine-ca,"Los Angeles, CA",los-angeles-ca,https://peptidesuppliers.org/locations/long-beach-ca/,https://peptidesuppliers.org/locations/,"https://en.wikipedia.org/wiki/Long_Beach,_California",Use these fields as explicit copy blocks. Preserve disclaimer. Do not add buy/order/shop/dosage/cycle/inject/weight-loss/fat-loss/anti-aging/muscle-growth/healing/treatment/cure claims.
tallahassee-fl,Tallahassee,FL,Florida,Southeast,True,layout_B_context_table_first,research documentation literacy,supplier policy clarity,Tallahassee Research Peptide Supplier Transparency Guide,"Educational Tallahassee, FL guide to research peptide supplier transparency, COA access, batch documentation, and local Florida research context.",Tallahassee Research Peptide Supplier Transparency Guide,"This page is for educational and informational purposes only. PeptideSuppliers.org does not sell peptides, provide medical advice, or recommend human use.",Florida state-capital policy and university research context,"For Tallahassee readers, the strongest local angle is Florida state-capital policy and university research context. Use that as the lead-in before discussing COAs, batch records, and research-use labeling.",A dedicated Tallahassee page is useful when it connects Florida state-capital policy and university research context with practical transparency checks rather than repeating a generic national supplier overview.,"Research angle: Florida state-capital policy and university research context. Explain how regional readers can use that context to evaluate supplier transparency, documentation accessibility, and non-promotional research references.","For Tallahassee-area readers, the strongest supplier comparison angle is documentation clarity: visible testing reports, clear batch language, and policies that do not rely on vague trust claims.",supplier policy clarity; COA availability; batch testing; research-use labeling; third-party testing; policy clarity,Add a neutral shipping note for Tallahassee: clear handling language matters more than fast-delivery claims.,What makes this Tallahassee guide different from a generic supplier page?,"It uses Florida state-capital policy and university research context and Florida regional context to frame supplier transparency, documentation quality, and research-use labeling rather than repeating a generic city-name template.",What should Tallahassee readers check first on supplier profiles?,"Start with supplier policy clarity: Emphasize refund, replacement, contact, documentation-request, and compliance language on supplier pages. Then review COA access, batch identifiers, lab report dates, and policy consistency.",Does this Tallahassee page recommend peptides or human use?,"No. The page is an educational reference about research supplier transparency, laboratory documentation, and industry context. It should not provide medical advice or human-use guidance.","Fort Lauderdale, FL",fort-lauderdale-fl,"Hialeah, FL",hialeah-fl,"Jacksonville, FL",jacksonville-fl,https://peptidesuppliers.org/locations/tallahassee-fl/,https://peptidesuppliers.org/locations/,"https://en.wikipedia.org/wiki/Tallahassee,_Florida",Use these fields as explicit copy blocks. Preserve disclaimer. Do not add buy/order/shop/dosage/cycle/inject/weight-loss/fat-loss/anti-aging/muscle-growth/healing/treatment/cure claims.
augusta-ga,Augusta,GA,Georgia,Southeast,True,layout_E_related_guides_midpage,university and medical-center context,third-party laboratory documentation,Augusta Research Peptide Supplier Transparency Guide,"Educational Augusta, GA guide to research peptide supplier transparency, COA access, batch documentation, and local Georgia research context.",Augusta Research Peptide Supplier Transparency Guide,"This page is for educational and informational purposes only. PeptideSuppliers.org does not sell peptides, provide medical advice, or recommend human use.",Augusta University and regional medical research activity,"Use Augusta University and regional medical research activity as the local hook for Augusta, with the rest of the page focused on research documentation, supplier profile clarity, and educational context.","Augusta gets its own guide because readers in this part of Georgia may evaluate supplier pages through local research access, regional shipping visibility, and documentation quality.","Local context: Augusta University and regional medical research activity. Regional context: Southeast. Tie this section to laboratory paperwork and editorial due diligence, not product use.","In Augusta, the page should highlight how transparent supplier profiles make COAs easy to find, connect documents to specific batches, and explain research-use policies in consistent language.",third-party laboratory documentation; COA availability; batch testing; research-use labeling; third-party testing; policy clarity,Regional logistics note: explain dispatch timing and carrier visibility for Georgia readers without promising speed or availability.,What makes this Augusta guide different from a generic supplier page?,"It uses Augusta University and regional medical research activity and Georgia regional context to frame supplier transparency, documentation quality, and research-use labeling rather than repeating a generic city-name template.",What should Augusta readers check first on supplier profiles?,"Start with third-party laboratory documentation: Emphasize independent lab names, report dates, and whether documents are current enough for reader review. Then review COA access, batch identifiers, lab report dates, and policy consistency.",Does this Augusta page recommend peptides or human use?,"No. The page is an educational reference about research supplier transparency, laboratory documentation, and industry context. It should not provide medical advice or human-use guidance.","Atlanta, GA",atlanta-ga,"Columbus, GA",columbus-ga,"Macon, GA",macon-ga,https://peptidesuppliers.org/locations/augusta-ga/,https://peptidesuppliers.org/locations/,"https://en.wikipedia.org/wiki/Augusta,_Georgia",Use these fields as explicit copy blocks. Preserve disclaimer. Do not add buy/order/shop/dosage/cycle/inject/weight-loss/fat-loss/anti-aging/muscle-growth/healing/treatment/cure claims.
honolulu-hi,Honolulu,HI,Hawaii,Pacific,True,layout_E_related_guides_midpage,regional logistics and documentation,batch traceability,Honolulu Research Peptide Supplier Transparency Guide,"Educational Honolulu, HI guide to research peptide supplier transparency, COA access, batch documentation, and local Hawaii research context.",Honolulu Research Peptide Supplier Transparency Guide,"This page is for educational and informational purposes only. PeptideSuppliers.org does not sell peptides, provide medical advice, or recommend human use.","University of Hawaii, Pacific health, and island logistics context","Use University of Hawaii, Pacific health, and island logistics context as the local hook for Honolulu, with the rest of the page focused on research documentation, supplier profile clarity, and educational context.","A dedicated Honolulu page is useful when it connects University of Hawaii, Pacific health, and island logistics context with practical transparency checks rather than repeating a generic national supplier overview.","Research angle: University of Hawaii, Pacific health, and island logistics context. Explain how regional readers can use that context to evaluate supplier transparency, documentation accessibility, and non-promotional research references.","For Honolulu-area readers, the strongest supplier comparison angle is documentation clarity: visible testing reports, clear batch language, and policies that do not rely on vague trust claims.",batch traceability; COA availability; batch testing; research-use labeling; third-party testing; policy clarity,Add a neutral shipping note for Honolulu: clear handling language matters more than fast-delivery claims.,What makes this Honolulu guide different from a generic supplier page?,"It uses University of Hawaii, Pacific health, and island logistics context and Hawaii regional context to frame supplier transparency, documentation quality, and research-use labeling rather than repeating a generic city-name template.",What should Honolulu readers check first on supplier profiles?,"Start with batch traceability: Emphasize batch identifiers, lot-level documents, and whether testing references match the listed research material. Then review COA access, batch identifiers, lab report dates, and policy consistency.",Does this Honolulu page recommend peptides or human use?,"No. The page is an educational reference about research supplier transparency, laboratory documentation, and industry context. It should not provide medical advice or human-use guidance.","Boise, ID",boise-id,"Idaho Falls, ID",idaho-falls-id,"Nampa, ID",nampa-id,https://peptidesuppliers.org/locations/honolulu-hi/,https://peptidesuppliers.org/locations/,"https://en.wikipedia.org/wiki/Honolulu,_Hawaii",Use these fields as explicit copy blocks. Preserve disclaimer. Do not add buy/order/shop/dosage/cycle/inject/weight-loss/fat-loss/anti-aging/muscle-growth/healing/treatment/cure claims.
nampa-id,Nampa,ID,Idaho,Mountain West,True,layout_C_checklist_first,state policy and compliance reading,shipping and handling transparency,Nampa Research Peptide Supplier Transparency Guide,"Educational Nampa, ID guide to research peptide supplier transparency, COA access, batch documentation, and local Idaho research context.",Nampa Research Peptide Supplier Transparency Guide,"This page is for educational and informational purposes only. PeptideSuppliers.org does not sell peptides, provide medical advice, or recommend human use.",Treasure Valley health-care and logistics expansion,This page should treat Nampa as more than a swapped city name by grounding the guide in Treasure Valley health-care and logistics expansion and the broader Idaho research environment.,"Nampa gets its own guide because readers in this part of Idaho may evaluate supplier pages through local research access, regional shipping visibility, and documentation quality.","Local context: Treasure Valley health-care and logistics expansion. Regional context: Mountain West. Tie this section to laboratory paperwork and editorial due diligence, not product use.","In Nampa, the page should highlight how transparent supplier profiles make COAs easy to find, connect documents to specific batches, and explain research-use policies in consistent language.",shipping and handling transparency; COA availability; batch testing; research-use labeling; third-party testing; policy clarity,Regional logistics note: explain dispatch timing and carrier visibility for Idaho readers without promising speed or availability.,What makes this Nampa guide different from a generic supplier page?,"It uses Treasure Valley health-care and logistics expansion and Idaho regional context to frame supplier transparency, documentation quality, and research-use labeling rather than repeating a generic city-name template.",What should Nampa readers check first on supplier profiles?,"Start with shipping and handling transparency: Emphasize dispatch windows, carrier visibility, temperature/handling notes, and plain-language fulfillment details. Then review COA access, batch identifiers, lab report dates, and policy consistency.",Does this Nampa page recommend peptides or human use?,"No. The page is an educational reference about research supplier transparency, laboratory documentation, and industry context. It should not provide medical advice or human-use guidance.","Boise, ID",boise-id,"Idaho Falls, ID",idaho-falls-id,"Aurora, CO",aurora-co,https://peptidesuppliers.org/locations/nampa-id/,https://peptidesuppliers.org/locations/,"https://en.wikipedia.org/wiki/Nampa,_Idaho",Use these fields as explicit copy blocks. Preserve disclaimer. Do not add buy/order/shop/dosage/cycle/inject/weight-loss/fat-loss/anti-aging/muscle-growth/healing/treatment/cure claims.
rockville-md,Rockville,MD,Maryland,Mid-Atlantic,True,layout_C_checklist_first,state policy and compliance reading,shipping and handling transparency,Rockville Research Peptide Supplier Transparency Guide,"Educational Rockville, MD guide to research peptide supplier transparency, COA access, batch documentation, and local Maryland research context.",Rockville Research Peptide Supplier Transparency Guide,"This page is for educational and informational purposes only. PeptideSuppliers.org does not sell peptides, provide medical advice, or recommend human use.",Montgomery County's I-270 biotech corridor and federal research access,This page should treat Rockville as more than a swapped city name by grounding the guide in Montgomery County's I-270 biotech corridor and federal research access and the broader Maryland research environment.,"The page exists to organize Rockville-specific research context, nearby city links, and documentation cues in one educational reference.","Use the Mid-Atlantic angle to describe Rockville's place in the broader research and logistics map, then transition into document quality signals.","The supplier transparency section should focus on whether a reader can verify documents, understand shipping language, and review research-use statements without leaving the page confused.",shipping and handling transparency; COA availability; batch testing; research-use labeling; third-party testing; policy clarity,"Keep logistics educational by discussing transparency signals, not guarantees.",What makes this Rockville guide different from a generic supplier page?,"It uses Montgomery County's I-270 biotech corridor and federal research access and Maryland regional context to frame supplier transparency, documentation quality, and research-use labeling rather than repeating a generic city-name template.",What should Rockville readers check first on supplier profiles?,"Start with shipping and handling transparency: Emphasize dispatch windows, carrier visibility, temperature/handling notes, and plain-language fulfillment details. Then review COA access, batch identifiers, lab report dates, and policy consistency.",Does this Rockville page recommend peptides or human use?,"No. The page is an educational reference about research supplier transparency, laboratory documentation, and industry context. It should not provide medical advice or human-use guidance.","Annapolis, MD",annapolis-md,"Baltimore, MD",baltimore-md,"Frederick, MD",frederick-md,https://peptidesuppliers.org/locations/rockville-md/,https://peptidesuppliers.org/locations/,"https://en.wikipedia.org/wiki/Rockville,_Maryland",Use these fields as explicit copy blocks. Preserve disclaimer. Do not add buy/order/shop/dosage/cycle/inject/weight-loss/fat-loss/anti-aging/muscle-growth/healing/treatment/cure claims.
cambridge-ma,Cambridge,MA,Massachusetts,Northeast biotech corridor,True,layout_E_related_guides_midpage,local research ecosystem,COA readability,Cambridge Research Peptide Supplier Transparency Guide,"Educational Cambridge, MA guide to research peptide supplier transparency, COA access, batch documentation, and local Massachusetts research context.",Cambridge Research Peptide Supplier Transparency Guide,"This page is for educational and informational purposes only. PeptideSuppliers.org does not sell peptides, provide medical advice, or recommend human use.","MIT, Harvard, and Kendall Square biotechnology density","Use MIT, Harvard, and Kendall Square biotechnology density as the local hook for Cambridge, with the rest of the page focused on research documentation, supplier profile clarity, and educational context.","Cambridge gets its own guide because readers in this part of Massachusetts may evaluate supplier pages through local research access, regional shipping visibility, and documentation quality.","Local context: MIT, Harvard, and Kendall Square biotechnology density. Regional context: Northeast biotech corridor. Tie this section to laboratory paperwork and editorial due diligence, not product use.","In Cambridge, the page should highlight how transparent supplier profiles make COAs easy to find, connect documents to specific batches, and explain research-use policies in consistent language.",COA readability; COA availability; batch testing; research-use labeling; third-party testing; policy clarity,Regional logistics note: explain dispatch timing and carrier visibility for Massachusetts readers without promising speed or availability.,What makes this Cambridge guide different from a generic supplier page?,"It uses MIT, Harvard, and Kendall Square biotechnology density and Massachusetts regional context to frame supplier transparency, documentation quality, and research-use labeling rather than repeating a generic city-name template.",What should Cambridge readers check first on supplier profiles?,"Start with COA readability: Emphasize certificates that are easy to locate, readable on mobile, and tied to the material described on the page. Then review COA access, batch identifiers, lab report dates, and policy consistency.",Does this Cambridge page recommend peptides or human use?,"No. The page is an educational reference about research supplier transparency, laboratory documentation, and industry context. It should not provide medical advice or human-use guidance.","Boston, MA",boston-ma,"Lowell, MA",lowell-ma,"Springfield, MA",springfield-ma,https://peptidesuppliers.org/locations/cambridge-ma/,https://peptidesuppliers.org/locations/,"https://en.wikipedia.org/wiki/Cambridge,_Massachusetts",Use these fields as explicit copy blocks. Preserve disclaimer. Do not add buy/order/shop/dosage/cycle/inject/weight-loss/fat-loss/anti-aging/muscle-growth/healing/treatment/cure claims.
jackson-ms,Jackson,MS,Mississippi,Deep South,True,layout_E_related_guides_midpage,supplier transparency comparison,research-use labeling consistency,Jackson Research Peptide Supplier Transparency Guide,"Educational Jackson, MS guide to research peptide supplier transparency, COA access, batch documentation, and local Mississippi research context.",Jackson Research Peptide Supplier Transparency Guide,"This page is for educational and informational purposes only. PeptideSuppliers.org does not sell peptides, provide medical advice, or recommend human use.",University of Mississippi Medical Center and state-capital health policy,"Use University of Mississippi Medical Center and state-capital health policy as the local hook for Jackson, with the rest of the page focused on research documentation, supplier profile clarity, and educational context.","This guide should help Jackson readers compare evidence quality: COAs, batch notes, policy language, and research-use consistency.","Mention University of Mississippi Medical Center and state-capital health policy as the specific local anchor. Avoid claims about outcomes; keep the section about documentation, research coverage, and policy clarity.","Use a checklist format for Jackson: COA access, batch identifiers, testing date visibility, third-party lab details, and fulfillment language.",research-use labeling consistency; COA availability; batch testing; research-use labeling; third-party testing; policy clarity,"For Jackson, use shipping as a trust signal: carrier notes, dispatch windows, and clear contact paths.",What makes this Jackson guide different from a generic supplier page?,"It uses University of Mississippi Medical Center and state-capital health policy and Mississippi regional context to frame supplier transparency, documentation quality, and research-use labeling rather than repeating a generic city-name template.",What should Jackson readers check first on supplier profiles?,"Start with research-use labeling consistency: Emphasize whether research-use language is consistent across directory, profile, FAQ, and policy pages. Then review COA access, batch identifiers, lab report dates, and policy consistency.",Does this Jackson page recommend peptides or human use?,"No. The page is an educational reference about research supplier transparency, laboratory documentation, and industry context. It should not provide medical advice or human-use guidance.","Columbia, MO",columbia-mo,"Kansas City, MO",kansas-city-mo,"Saint Louis, MO",saint-louis-mo,https://peptidesuppliers.org/locations/jackson-ms/,https://peptidesuppliers.org/locations/,"https://en.wikipedia.org/wiki/Jackson,_Mississippi",Use these fields as explicit copy blocks. Preserve disclaimer. Do not add buy/order/shop/dosage/cycle/inject/weight-loss/fat-loss/anti-aging/muscle-growth/healing/treatment/cure claims.
las-vegas-nv,Las Vegas,NV,Nevada,Mountain West,True,layout_B_context_table_first,supplier transparency comparison,research-use labeling consistency,Las Vegas Research Peptide Supplier Transparency Guide,"Educational Las Vegas, NV guide to research peptide supplier transparency, COA access, batch documentation, and local Nevada research context.",Las Vegas Research Peptide Supplier Transparency Guide,"This page is for educational and informational purposes only. PeptideSuppliers.org does not sell peptides, provide medical advice, or recommend human use.","Southern Nevada health-care, hospitality logistics, and supplier visibility","For Las Vegas readers, the strongest local angle is Southern Nevada health-care, hospitality logistics, and supplier visibility. Use that as the lead-in before discussing COAs, batch records, and research-use labeling.","This guide should help Las Vegas readers compare evidence quality: COAs, batch notes, policy language, and research-use consistency.","Mention Southern Nevada health-care, hospitality logistics, and supplier visibility as the specific local anchor. Avoid claims about outcomes; keep the section about documentation, research coverage, and policy clarity.","Use a checklist format for Las Vegas: COA access, batch identifiers, testing date visibility, third-party lab details, and fulfillment language.",research-use labeling consistency; COA availability; batch testing; research-use labeling; third-party testing; policy clarity,"For Las Vegas, use shipping as a trust signal: carrier notes, dispatch windows, and clear contact paths.",What makes this Las Vegas guide different from a generic supplier page?,"It uses Southern Nevada health-care, hospitality logistics, and supplier visibility and Nevada regional context to frame supplier transparency, documentation quality, and research-use labeling rather than repeating a generic city-name template.",What should Las Vegas readers check first on supplier profiles?,"Start with research-use labeling consistency: Emphasize whether research-use language is consistent across directory, profile, FAQ, and policy pages. Then review COA access, batch identifiers, lab report dates, and policy consistency.",Does this Las Vegas page recommend peptides or human use?,"No. The page is an educational reference about research supplier transparency, laboratory documentation, and industry context. It should not provide medical advice or human-use guidance.","Henderson, NV",henderson-nv,"Reno, NV",reno-nv,"Aurora, CO",aurora-co,https://peptidesuppliers.org/locations/las-vegas-nv/,https://peptidesuppliers.org/locations/,"https://en.wikipedia.org/wiki/Las_Vegas,_Nevada",Use these fields as explicit copy blocks. Preserve disclaimer. Do not add buy/order/shop/dosage/cycle/inject/weight-loss/fat-loss/anti-aging/muscle-growth/healing/treatment/cure claims.
paterson-nj,Paterson,NJ,New Jersey,Northeast pharma corridor,True,layout_E_related_guides_midpage,research documentation literacy,supplier policy clarity,Paterson Research Peptide Supplier Transparency Guide,"Educational Paterson, NJ guide to research peptide supplier transparency, COA access, batch documentation, and local New Jersey research context.",Paterson Research Peptide Supplier Transparency Guide,"This page is for educational and informational purposes only. PeptideSuppliers.org does not sell peptides, provide medical advice, or recommend human use.",northern New Jersey health systems and New York metro access,"Use northern New Jersey health systems and New York metro access as the local hook for Paterson, with the rest of the page focused on research documentation, supplier profile clarity, and educational context.","This guide should help Paterson readers compare evidence quality: COAs, batch notes, policy language, and research-use consistency.","Mention northern New Jersey health systems and New York metro access as the specific local anchor. Avoid claims about outcomes; keep the section about documentation, research coverage, and policy clarity.","Use a checklist format for Paterson: COA access, batch identifiers, testing date visibility, third-party lab details, and fulfillment language.",supplier policy clarity; COA availability; batch testing; research-use labeling; third-party testing; policy clarity,"For Paterson, use shipping as a trust signal: carrier notes, dispatch windows, and clear contact paths.",What makes this Paterson guide different from a generic supplier page?,"It uses northern New Jersey health systems and New York metro access and New Jersey regional context to frame supplier transparency, documentation quality, and research-use labeling rather than repeating a generic city-name template.",What should Paterson readers check first on supplier profiles?,"Start with supplier policy clarity: Emphasize refund, replacement, contact, documentation-request, and compliance language on supplier pages. Then review COA access, batch identifiers, lab report dates, and policy consistency.",Does this Paterson page recommend peptides or human use?,"No. The page is an educational reference about research supplier transparency, laboratory documentation, and industry context. It should not provide medical advice or human-use guidance.","Atlantic City, NJ",atlantic-city-nj,"Jersey City, NJ",jersey-city-nj,"Newark, NJ",newark-nj,https://peptidesuppliers.org/locations/paterson-nj/,https://peptidesuppliers.org/locations/,"https://en.wikipedia.org/wiki/Paterson,_New_Jersey",Use these fields as explicit copy blocks. Preserve disclaimer. Do not add buy/order/shop/dosage/cycle/inject/weight-loss/fat-loss/anti-aging/muscle-growth/healing/treatment/cure claims.
albuquerque-nm,Albuquerque,NM,New Mexico,Southwest,True,layout_B_context_table_first,regional logistics and documentation,batch traceability,Albuquerque Research Peptide Supplier Transparency Guide,"Educational Albuquerque, NM guide to research peptide supplier transparency, COA access, batch documentation, and local New Mexico research context.",Albuquerque Research Peptide Supplier Transparency Guide,"This page is for educational and informational purposes only. PeptideSuppliers.org does not sell peptides, provide medical advice, or recommend human use.",University of New Mexico and Sandia-adjacent science workforce,"For Albuquerque readers, the strongest local angle is University of New Mexico and Sandia-adjacent science workforce. Use that as the lead-in before discussing COAs, batch records, and research-use labeling.",A dedicated Albuquerque page is useful when it connects University of New Mexico and Sandia-adjacent science workforce with practical transparency checks rather than repeating a generic national supplier overview.,"Research angle: University of New Mexico and Sandia-adjacent science workforce. Explain how regional readers can use that context to evaluate supplier transparency, documentation accessibility, and non-promotional research references.","For Albuquerque-area readers, the strongest supplier comparison angle is documentation clarity: visible testing reports, clear batch language, and policies that do not rely on vague trust claims.",batch traceability; COA availability; batch testing; research-use labeling; third-party testing; policy clarity,Add a neutral shipping note for Albuquerque: clear handling language matters more than fast-delivery claims.,What makes this Albuquerque guide different from a generic supplier page?,"It uses University of New Mexico and Sandia-adjacent science workforce and New Mexico regional context to frame supplier transparency, documentation quality, and research-use labeling rather than repeating a generic city-name template.",What should Albuquerque readers check first on supplier profiles?,"Start with batch traceability: Emphasize batch identifiers, lot-level documents, and whether testing references match the listed research material. Then review COA access, batch identifiers, lab report dates, and policy consistency.",Does this Albuquerque page recommend peptides or human use?,"No. The page is an educational reference about research supplier transparency, laboratory documentation, and industry context. It should not provide medical advice or human-use guidance.","Las Cruces, NM",las-cruces-nm,"Santa Fe, NM",santa-fe-nm,"Mesa, AZ",mesa-az,https://peptidesuppliers.org/locations/albuquerque-nm/,https://peptidesuppliers.org/locations/,"https://en.wikipedia.org/wiki/Albuquerque,_New_Mexico",Use these fields as explicit copy blocks. Preserve disclaimer. Do not add buy/order/shop/dosage/cycle/inject/weight-loss/fat-loss/anti-aging/muscle-growth/healing/treatment/cure claims.
cincinnati-oh,Cincinnati,OH,Ohio,Great Lakes,True,layout_B_context_table_first,supplier transparency comparison,research-use labeling consistency,Cincinnati Research Peptide Supplier Transparency Guide,"Educational Cincinnati, OH guide to research peptide supplier transparency, COA access, batch documentation, and local Ohio research context.",Cincinnati Research Peptide Supplier Transparency Guide,"This page is for educational and informational purposes only. PeptideSuppliers.org does not sell peptides, provide medical advice, or recommend human use.","University of Cincinnati, Cincinnati Children's, and regional biomedical activity","For Cincinnati readers, the strongest local angle is University of Cincinnati, Cincinnati Children's, and regional biomedical activity. Use that as the lead-in before discussing COAs, batch records, and research-use labeling.","A dedicated Cincinnati page is useful when it connects University of Cincinnati, Cincinnati Children's, and regional biomedical activity with practical transparency checks rather than repeating a generic national supplier overview.","Research angle: University of Cincinnati, Cincinnati Children's, and regional biomedical activity. Explain how regional readers can use that context to evaluate supplier transparency, documentation accessibility, and non-promotional research references.","For Cincinnati-area readers, the strongest supplier comparison angle is documentation clarity: visible testing reports, clear batch language, and policies that do not rely on vague trust claims.",research-use labeling consistency; COA availability; batch testing; research-use labeling; third-party testing; policy clarity,Add a neutral shipping note for Cincinnati: clear handling language matters more than fast-delivery claims.,What makes this Cincinnati guide different from a generic supplier page?,"It uses University of Cincinnati, Cincinnati Children's, and regional biomedical activity and Ohio regional context to frame supplier transparency, documentation quality, and research-use labeling rather than repeating a generic city-name template.",What should Cincinnati readers check first on supplier profiles?,"Start with research-use labeling consistency: Emphasize whether research-use language is consistent across directory, profile, FAQ, and policy pages. Then review COA access, batch identifiers, lab report dates, and policy consistency.",Does this Cincinnati page recommend peptides or human use?,"No. The page is an educational reference about research supplier transparency, laboratory documentation, and industry context. It should not provide medical advice or human-use guidance.","Akron, OH",akron-oh,"Canton, OH",canton-oh,"Cleveland, OH",cleveland-oh,https://peptidesuppliers.org/locations/cincinnati-oh/,https://peptidesuppliers.org/locations/,"https://en.wikipedia.org/wiki/Cincinnati,_Ohio",Use these fields as explicit copy blocks. Preserve disclaimer. Do not add buy/order/shop/dosage/cycle/inject/weight-loss/fat-loss/anti-aging/muscle-growth/healing/treatment/cure claims.
dayton-oh,Dayton,OH,Ohio,Great Lakes,True,layout_E_related_guides_midpage,local research ecosystem,COA readability,Dayton Research Peptide Supplier Transparency Guide,"Educational Dayton, OH guide to research peptide supplier transparency, COA access, batch documentation, and local Ohio research context.",Dayton Research Peptide Supplier Transparency Guide,"This page is for educational and informational purposes only. PeptideSuppliers.org does not sell peptides, provide medical advice, or recommend human use.",Wright-Patterson-adjacent science workforce and health-care networks,"Use Wright-Patterson-adjacent science workforce and health-care networks as the local hook for Dayton, with the rest of the page focused on research documentation, supplier profile clarity, and educational context.","Dayton gets its own guide because readers in this part of Ohio may evaluate supplier pages through local research access, regional shipping visibility, and documentation quality.","Local context: Wright-Patterson-adjacent science workforce and health-care networks. Regional context: Great Lakes. Tie this section to laboratory paperwork and editorial due diligence, not product use.","In Dayton, the page should highlight how transparent supplier profiles make COAs easy to find, connect documents to specific batches, and explain research-use policies in consistent language.",COA readability; COA availability; batch testing; research-use labeling; third-party testing; policy clarity,Regional logistics note: explain dispatch timing and carrier visibility for Ohio readers without promising speed or availability.,What makes this Dayton guide different from a generic supplier page?,"It uses Wright-Patterson-adjacent science workforce and health-care networks and Ohio regional context to frame supplier transparency, documentation quality, and research-use labeling rather than repeating a generic city-name template.",What should Dayton readers check first on supplier profiles?,"Start with COA readability: Emphasize certificates that are easy to locate, readable on mobile, and tied to the material described on the page. Then review COA access, batch identifiers, lab report dates, and policy consistency.",Does this Dayton page recommend peptides or human use?,"No. The page is an educational reference about research supplier transparency, laboratory documentation, and industry context. It should not provide medical advice or human-use guidance.","Akron, OH",akron-oh,"Canton, OH",canton-oh,"Cincinnati, OH",cincinnati-oh,https://peptidesuppliers.org/locations/dayton-oh/,https://peptidesuppliers.org/locations/,"https://en.wikipedia.org/wiki/Dayton,_Ohio",Use these fields as explicit copy blocks. Preserve disclaimer. Do not add buy/order/shop/dosage/cycle/inject/weight-loss/fat-loss/anti-aging/muscle-growth/healing/treatment/cure claims.
austin-tx,Austin,TX,Texas,Texas biotech corridor,True,layout_D_faq_after_intro,research documentation literacy,supplier policy clarity,Austin Research Peptide Supplier Transparency Guide,"Educational Austin, TX guide to research peptide supplier transparency, COA access, batch documentation, and local Texas research context.",Austin Research Peptide Supplier Transparency Guide,"This page is for educational and informational purposes only. PeptideSuppliers.org does not sell peptides, provide medical advice, or recommend human use.","University of Texas, Austin health-tech, and central Texas startup activity","Austin's page can stand apart by tying supplier transparency to University of Texas, Austin health-tech, and central Texas startup activity, then explaining how readers can evaluate documentation without promotional claims.","A dedicated Austin page is useful when it connects University of Texas, Austin health-tech, and central Texas startup activity with practical transparency checks rather than repeating a generic national supplier overview.","Research angle: University of Texas, Austin health-tech, and central Texas startup activity. Explain how regional readers can use that context to evaluate supplier transparency, documentation accessibility, and non-promotional research references.","For Austin-area readers, the strongest supplier comparison angle is documentation clarity: visible testing reports, clear batch language, and policies that do not rely on vague trust claims.",supplier policy clarity; COA availability; batch testing; research-use labeling; third-party testing; policy clarity,Add a neutral shipping note for Austin: clear handling language matters more than fast-delivery claims.,What makes this Austin guide different from a generic supplier page?,"It uses University of Texas, Austin health-tech, and central Texas startup activity and Texas regional context to frame supplier transparency, documentation quality, and research-use labeling rather than repeating a generic city-name template.",What should Austin readers check first on supplier profiles?,"Start with supplier policy clarity: Emphasize refund, replacement, contact, documentation-request, and compliance language on supplier pages. Then review COA access, batch identifiers, lab report dates, and policy consistency.",Does this Austin page recommend peptides or human use?,"No. The page is an educational reference about research supplier transparency, laboratory documentation, and industry context. It should not provide medical advice or human-use guidance.","Arlington, TX",arlington-tx,"Corpus Christi, TX",corpus-christi-tx,"Dallas, TX",dallas-tx,https://peptidesuppliers.org/locations/austin-tx/,https://peptidesuppliers.org/locations/,"https://en.wikipedia.org/wiki/Austin,_Texas",Use these fields as explicit copy blocks. Preserve disclaimer. Do not add buy/order/shop/dosage/cycle/inject/weight-loss/fat-loss/anti-aging/muscle-growth/healing/treatment/cure claims.
bellevue-wa,Bellevue,WA,Washington,Pacific Northwest,True,layout_A_overview_first,supplier transparency comparison,research-use labeling consistency,Bellevue Research Peptide Supplier Transparency Guide,"Educational Bellevue, WA guide to research peptide supplier transparency, COA access, batch documentation, and local Washington research context.",Bellevue Research Peptide Supplier Transparency Guide,"This page is for educational and informational purposes only. PeptideSuppliers.org does not sell peptides, provide medical advice, or recommend human use.","Seattle-area technology, health analytics, and supplier logistics context","Bellevue sits inside the Pacific Northwest research conversation, so this guide should open with Seattle-area technology, health analytics, and supplier logistics context and connect that context to supplier documentation standards.","This guide should help Bellevue readers compare evidence quality: COAs, batch notes, policy language, and research-use consistency.","Mention Seattle-area technology, health analytics, and supplier logistics context as the specific local anchor. Avoid claims about outcomes; keep the section about documentation, research coverage, and policy clarity.","Use a checklist format for Bellevue: COA access, batch identifiers, testing date visibility, third-party lab details, and fulfillment language.",research-use labeling consistency; COA availability; batch testing; research-use labeling; third-party testing; policy clarity,"For Bellevue, use shipping as a trust signal: carrier notes, dispatch windows, and clear contact paths.",What makes this Bellevue guide different from a generic supplier page?,"It uses Seattle-area technology, health analytics, and supplier logistics context and Washington regional context to frame supplier transparency, documentation quality, and research-use labeling rather than repeating a generic city-name template.",What should Bellevue readers check first on supplier profiles?,"Start with research-use labeling consistency: Emphasize whether research-use language is consistent across directory, profile, FAQ, and policy pages. Then review COA access, batch identifiers, lab report dates, and policy consistency.",Does this Bellevue page recommend peptides or human use?,"No. The page is an educational reference about research supplier transparency, laboratory documentation, and industry context. It should not provide medical advice or human-use guidance.","Seattle, WA",seattle-wa,"Spokane, WA",spokane-wa,"Tacoma, WA",tacoma-wa,https://peptidesuppliers.org/locations/bellevue-wa/,https://peptidesuppliers.org/locations/,"https://en.wikipedia.org/wiki/Bellevue,_Washington",Use these fields as explicit copy blocks. Preserve disclaimer. Do not add buy/order/shop/dosage/cycle/inject/weight-loss/fat-loss/anti-aging/muscle-growth/healing/treatment/cure claims.
riverside-ca,Riverside,CA,California,West Coast,True,layout_A_overview_first,"For Riverside readers, the main comparison angle is third-party laboratory documentation, supported by clear supplier disclosures and visible research-use language.",Third-party laboratory documentation,Riverside Research Peptide Supplier Transparency Guide,"Educational Riverside, CA guide to research peptide supplier transparency, COA visibility, batch documentation, and regional industry context.",Riverside Research Peptide Supplier Transparency Guide,"This page is for educational and informational purposes only. PeptideSuppliers.org does not sell peptides, provide medical advice, or recommend human use.","Riverside is treated as a major metro page in Riverside County, with emphasis on regional research reading, supplier-documentation habits, and nearby-market navigation.","Riverside is a major metro in Riverside County, making it a practical page for readers who want regional research context and a safer documentation-first checklist.",This page exists to connect Riverside readers with an educational supplier-transparency framework that fits the broader West Coast research and logistics environment.,"Riverside fits into California's life-science corridor, university labs, and clinical research ecosystem. Use this section to connect the page to real regional context rather than repeating a generic city paragraph.","Give more weight to supplier pages that cite independent laboratory paperwork in a way readers can understand. For Riverside readers, the main comparison angle is third-party laboratory documentation, supported by clear supplier disclosures and visible research-use language.","COA references should be easy to find, readable, and tied to the relevant batch or supplier profile rather than hidden behind vague testing claims.; Batch-testing language is strongest when it connects a specific batch identifier to a current laboratory document or supplier profile note.; Because Riverside is in the West Coast, shipping language should explain dispatch timing, handling notes, and carrier visibility without making quality claims.; Research-use labeling should be consistent across supplier profiles, directory pages, FAQs, and policy pages.","Because Riverside is in the West Coast, shipping language should explain dispatch timing, handling notes, and carrier visibility without making quality claims.",What does this Riverside location page cover?,"It covers supplier transparency, COA visibility, batch documentation, and research-news context for readers in and around Riverside, CA.",Why include Riverside in a research supplier directory?,Riverside helps organize regional research and documentation coverage so readers can compare transparency signals without relying on generic national pages.,Does this page recommend human use?,"No. This page is educational only. It does not sell peptides, provide medical advice, or recommend human use.","San Bernardino, CA",san-bernardino-ca,"Ontario, CA",ontario-ca,"Moreno Valley, CA",moreno-valley-ca,https://peptidesuppliers.org/locations/riverside-ca/,https://peptidesuppliers.org/locations/,https://simplemaps.com/data/us-cities,"Insert these fields into the existing location template. Preserve safe language and do not add product, dosage, human-use, treatment, or sales claims."
oceanside-ca,Oceanside,CA,California,West Coast,True,layout_A_overview_first,"For Oceanside readers, the main comparison angle is editorial disclosure clarity, supported by clear supplier disclosures and visible research-use language.",Editorial disclosure clarity,Oceanside Research Peptide Supplier Transparency Guide,"Educational Oceanside, CA guide to research peptide supplier transparency, COA visibility, batch documentation, and regional industry context.",Oceanside Research Peptide Supplier Transparency Guide,"This page is for educational and informational purposes only. PeptideSuppliers.org does not sell peptides, provide medical advice, or recommend human use.","Oceanside is treated as a mid-sized city page in San Diego County, with emphasis on regional research reading, supplier-documentation habits, and nearby-market navigation.","Readers around Oceanside often compare supplier transparency through paperwork quality, dispatch clarity, and education-first research references instead of broad marketing claims.","The reason for a separate Oceanside page is local usefulness: readers can see regional context, nearby city links, and a consistent checklist for COA visibility, batch testing, and research-use language.","Oceanside fits into California's life-science corridor, university labs, and clinical research ecosystem. Use this section to connect the page to real regional context rather than repeating a generic city paragraph.","Separate educational coverage, affiliate disclosures, and supplier profile content so readers understand the site’s role. For Oceanside readers, the main comparison angle is editorial disclosure clarity, supported by clear supplier disclosures and visible research-use language.","COA references should be easy to find, readable, and tied to the relevant batch or supplier profile rather than hidden behind vague testing claims.; Batch-testing language is strongest when it connects a specific batch identifier to a current laboratory document or supplier profile note.; Because Oceanside is in the West Coast, shipping language should explain dispatch timing, handling notes, and carrier visibility without making quality claims.; Research-use labeling should be consistent across supplier profiles, directory pages, FAQs, and policy pages.","Because Oceanside is in the West Coast, shipping language should explain dispatch timing, handling notes, and carrier visibility without making quality claims.",What does this Oceanside location page cover?,"It covers supplier transparency, COA visibility, batch documentation, and research-news context for readers in and around Oceanside, CA.",Why include Oceanside in a research supplier directory?,Oceanside helps organize regional research and documentation coverage so readers can compare transparency signals without relying on generic national pages.,Does this page recommend human use?,"No. This page is educational only. It does not sell peptides, provide medical advice, or recommend human use.","Vista, CA",vista-ca,"Carlsbad, CA",carlsbad-ca,"San Marcos, CA",san-marcos-ca,https://peptidesuppliers.org/locations/oceanside-ca/,https://peptidesuppliers.org/locations/,https://simplemaps.com/data/us-cities,"Insert these fields into the existing location template. Preserve safe language and do not add product, dosage, human-use, treatment, or sales claims."
burbank-ca,Burbank,CA,California,West Coast,True,layout_A_overview_first,"For Burbank readers, the main comparison angle is research-use labeling consistency, supported by clear supplier disclosures and visible research-use language.",Research-use labeling consistency,Burbank Research Peptide Supplier Transparency Guide,"Educational Burbank, CA guide to research peptide supplier transparency, COA visibility, batch documentation, and regional industry context.",Burbank Research Peptide Supplier Transparency Guide,"This page is for educational and informational purposes only. PeptideSuppliers.org does not sell peptides, provide medical advice, or recommend human use.","Burbank is treated as a mid-sized city page in Los Angeles County, with emphasis on regional research reading, supplier-documentation habits, and nearby-market navigation.","For Burbank readers, the useful angle is not hype around individual compounds; it is whether supplier pages provide clear COAs, batch-specific documentation, and consistent research-use labeling.","Burbank deserves a dedicated page when it adds regional context, nearby-market navigation, and a documentation framework instead of repeating the same generic supplier copy.","Burbank fits into California's life-science corridor, university labs, and clinical research ecosystem. Use this section to connect the page to real regional context rather than repeating a generic city paragraph.","Check whether research-use wording appears consistently across directory pages, supplier profiles, FAQs, and policy sections. For Burbank readers, the main comparison angle is research-use labeling consistency, supported by clear supplier disclosures and visible research-use language.","COA references should be easy to find, readable, and tied to the relevant batch or supplier profile rather than hidden behind vague testing claims.; Batch-testing language is strongest when it connects a specific batch identifier to a current laboratory document or supplier profile note.; Because Burbank is in the West Coast, shipping language should explain dispatch timing, handling notes, and carrier visibility without making quality claims.; Research-use labeling should be consistent across supplier profiles, directory pages, FAQs, and policy pages.","Because Burbank is in the West Coast, shipping language should explain dispatch timing, handling notes, and carrier visibility without making quality claims.",What does this Burbank location page cover?,"It covers supplier transparency, COA visibility, batch documentation, and research-news context for readers in and around Burbank, CA.",Why include Burbank in a research supplier directory?,Burbank helps organize regional research and documentation coverage so readers can compare transparency signals without relying on generic national pages.,Does this page recommend human use?,"No. This page is educational only. It does not sell peptides, provide medical advice, or recommend human use.","Los Angeles, CA",los-angeles-ca,"Long Beach, CA",long-beach-ca,"Irvine, CA",irvine-ca,https://peptidesuppliers.org/locations/burbank-ca/,https://peptidesuppliers.org/locations/,https://simplemaps.com/data/us-cities,"Insert these fields into the existing location template. Preserve safe language and do not add product, dosage, human-use, treatment, or sales claims."
vista-ca,Vista,CA,California,West Coast,True,layout_A_overview_first,"For Vista readers, the main comparison angle is shipping and handling transparency, supported by clear supplier disclosures and visible research-use language.",Shipping and handling transparency,Vista Research Peptide Supplier Transparency Guide,"Educational Vista, CA guide to research peptide supplier transparency, COA visibility, batch documentation, and regional industry context.",Vista Research Peptide Supplier Transparency Guide,"This page is for educational and informational purposes only. PeptideSuppliers.org does not sell peptides, provide medical advice, or recommend human use.","Vista is treated as a mid-sized city page in San Diego County, with emphasis on regional research reading, supplier-documentation habits, and nearby-market navigation.","Vista sits within California's broader West Coast research conversation, so this page focuses on supplier transparency, documentation clarity, and peptide-industry news signals rather than product claims.",This page exists to connect Vista readers with an educational supplier-transparency framework that fits the broader West Coast research and logistics environment.,"Vista fits into California's life-science corridor, university labs, and clinical research ecosystem. Use this section to connect the page to real regional context rather than repeating a generic city paragraph.","Review dispatch windows, handling notes, and carrier language without treating speed claims as a quality signal. For Vista readers, the main comparison angle is shipping and handling transparency, supported by clear supplier disclosures and visible research-use language.","COA references should be easy to find, readable, and tied to the relevant batch or supplier profile rather than hidden behind vague testing claims.; Batch-testing language is strongest when it connects a specific batch identifier to a current laboratory document or supplier profile note.; Because Vista is in the West Coast, shipping language should explain dispatch timing, handling notes, and carrier visibility without making quality claims.; Research-use labeling should be consistent across supplier profiles, directory pages, FAQs, and policy pages.","Because Vista is in the West Coast, shipping language should explain dispatch timing, handling notes, and carrier visibility without making quality claims.",What does this Vista location page cover?,"It covers supplier transparency, COA visibility, batch documentation, and research-news context for readers in and around Vista, CA.",Why include Vista in a research supplier directory?,Vista helps organize regional research and documentation coverage so readers can compare transparency signals without relying on generic national pages.,Does this page recommend human use?,"No. This page is educational only. It does not sell peptides, provide medical advice, or recommend human use.","Oceanside, CA",oceanside-ca,"Carlsbad, CA",carlsbad-ca,"San Marcos, CA",san-marcos-ca,https://peptidesuppliers.org/locations/vista-ca/,https://peptidesuppliers.org/locations/,https://simplemaps.com/data/us-cities,"Insert these fields into the existing location template. Preserve safe language and do not add product, dosage, human-use, treatment, or sales claims."
